date,companyName,activityType,consumptionAmount,emissionFactor
2025-02-17,Company E,Data Center Energy,3821,0.2
2025-01-24,Company G,Air Freight,4341,3.15
2025-02-27,Company F,Natural Gas Usage,3621,2.03
2025-02-04,Company H,Natural Gas Usage,1797,2.03
2025-01-19,Company I,Waste Disposal,1538,0.5
2025-01-18,Company J,Data Center Energy,4098,0.2
2025-02-27,Company J,Air Freight,3519,3.15
2025-02-24,Company I,Company Vehicle Fuel,1962,2.3
2025-01-05,Company A,Business Travel,2616,0.25
2025-01-03,Company E,Business Travel,3084,0.25
2025-01-17,Company F,Business Travel,4860,0.25
2025-02-04,Company A,Business Travel,1972,0.25
2025-01-31,Company D,Employee Commute,2914,0.12
2025-01-10,Company B,Company Vehicle Fuel,1129,2.3
2025-02-14,Company B,Business Travel,868,0.25
2025-01-20,Company G,Purchased Goods,753,1.5
2025-02-05,Company B,Electricity Usage,3258,0.233
2025-01-01,Company G,Data Center Energy,4381,0.2
2025-02-17,Company D,Air Freight,4227,3.15
2025-01-21,Company G,Data Center Energy,1101,0.2
2025-02-13,Company I,Electricity Usage,367,0.233
2025-02-14,Company C,Business Travel,4793,0.25
2025-01-24,Company I,Employee Commute,1570,0.12
2025-02-02,Company D,Company Vehicle Fuel,1259,2.3
2025-01-12,Company F,Data Center Energy,880,0.2
2025-02-22,Company E,Data Center Energy,2259,0.2
2025-01-12,Company I,Air Freight,4928,3.15
2025-02-11,Company D,Air Freight,2668,3.15
2025-01-02,Company D,Electricity Usage,4273,0.233
2025-02-02,Company I,Data Center Energy,3730,0.2
2025-02-14,Company C,Data Center Energy,3812,0.2
2025-02-25,Company E,Air Freight,1353,3.15
2025-02-25,Company H,Diesel Consumption,1244,2.68
2025-02-07,Company A,Electricity Usage,2958,0.233
2025-01-13,Company B,Purchased Goods,95,1.5
2025-01-10,Company F,Data Center Energy,3894,0.2
2025-01-31,Company H,Natural Gas Usage,73,2.03
2025-02-12,Company G,Natural Gas Usage,2273,2.03
2025-01-15,Company C,Waste Disposal,201,0.5
2025-03-01,Company A,Waste Disposal,2303,0.5
2025-01-24,Company B,Air Freight,2235,3.15
2025-01-11,Company A,Electricity Usage,1248,0.233
2025-02-15,Company B,Employee Commute,3667,0.12
2025-01-05,Company C,Natural Gas Usage,4691,2.03
2025-02-21,Company A,Business Travel,3386,0.25
2025-01-19,Company C,Electricity Usage,726,0.233
2025-01-28,Company J,Business Travel,516,0.25
2025-01-07,Company H,Purchased Goods,273,1.5
2025-01-30,Company A,Data Center Energy,1977,0.2
2025-02-26,Company J,Electricity Usage,1821,0.233
2025-01-30,Company C,Company Vehicle Fuel,4936,2.3
2025-01-18,Company A,Purchased Goods,2435,1.5
2025-02-27,Company D,Electricity Usage,4350,0.233
2025-01-03,Company B,Purchased Goods,2619,1.5
2025-03-02,Company A,Diesel Consumption,3976,2.68
2025-02-16,Company J,Air Freight,3435,3.15
2025-02-04,Company G,Data Center Energy,4448,0.2
2025-01-26,Company J,Employee Commute,3179,0.12
2025-01-22,Company I,Natural Gas Usage,3841,2.03
2025-01-21,Company G,Company Vehicle Fuel,1776,2.3
2025-01-18,Company E,Diesel Consumption,3645,2.68
2025-02-20,Company G,Diesel Consumption,733,2.68
2025-01-14,Company D,Natural Gas Usage,3571,2.03
2025-01-13,Company H,Company Vehicle Fuel,864,2.3
2025-02-28,Company A,Company Vehicle Fuel,2626,2.3
2025-02-07,Company I,Electricity Usage,4638,0.233
2025-01-28,Company B,Waste Disposal,2647,0.5
2025-02-26,Company J,Electricity Usage,3912,0.233
2025-02-16,Company F,Data Center Energy,2149,0.2
2025-01-08,Company A,Purchased Goods,2104,1.5
2025-02-03,Company E,Natural Gas Usage,4726,2.03
2025-01-26,Company H,Electricity Usage,3864,0.233
2025-02-01,Company G,Natural Gas Usage,3789,2.03
2025-01-31,Company C,Natural Gas Usage,3560,2.03
2025-02-22,Company F,Employee Commute,4375,0.12
2025-01-16,Company F,Employee Commute,588,0.12
2025-01-12,Company I,Natural Gas Usage,605,2.03
2025-02-06,Company I,Business Travel,2879,0.25
2025-02-07,Company B,Air Freight,3887,3.15
2025-01-03,Company H,Diesel Consumption,179,2.68
2025-02-20,Company E,Electricity Usage,4243,0.233
2025-02-11,Company D,Diesel Consumption,1369,2.68
2025-02-12,Company H,Company Vehicle Fuel,2454,2.3
2025-01-31,Company E,Company Vehicle Fuel,4043,2.3
2025-02-05,Company I,Waste Disposal,1773,0.5
2025-02-23,Company I,Business Travel,2270,0.25
2025-02-28,Company C,Waste Disposal,3480,0.5
2025-01-23,Company B,Diesel Consumption,1306,2.68
2025-02-12,Company G,Natural Gas Usage,4673,2.03
2025-02-11,Company A,Data Center Energy,3601,0.2
2025-02-19,Company E,Electricity Usage,660,0.233
2025-02-13,Company D,Air Freight,1738,3.15
2025-02-26,Company D,Company Vehicle Fuel,2451,2.3
2025-02-15,Company E,Business Travel,4510,0.25
2025-01-06,Company I,Company Vehicle Fuel,4464,2.3
2025-01-18,Company G,Air Freight,3600,3.15
2025-03-02,Company J,Business Travel,4500,0.25
2025-03-02,Company E,Air Freight,445,3.15
2025-01-06,Company A,Data Center Energy,2394,0.2
2025-01-23,Company J,Diesel Consumption,2193,2.68
2025-01-21,Company B,Diesel Consumption,4387,2.68
2025-02-15,Company E,Company Vehicle Fuel,4336,2.3
2025-01-13,Company H,Company Vehicle Fuel,4251,2.3
2025-02-13,Company G,Diesel Consumption,1765,2.68
2025-01-20,Company G,Employee Commute,3962,0.12
2025-02-21,Company H,Natural Gas Usage,2816,2.03
2025-02-16,Company B,Purchased Goods,2207,1.5
2025-01-19,Company H,Electricity Usage,2148,0.233
2025-01-05,Company G,Air Freight,4657,3.15
2025-02-25,Company I,Diesel Consumption,1407,2.68
2025-03-01,Company H,Company Vehicle Fuel,149,2.3
2025-01-11,Company B,Purchased Goods,749,1.5
2025-02-01,Company E,Diesel Consumption,2635,2.68
2025-01-15,Company F,Data Center Energy,3238,0.2
2025-02-04,Company J,Waste Disposal,715,0.5
2025-01-28,Company H,Air Freight,3583,3.15
2025-01-28,Company I,Purchased Goods,3223,1.5
2025-02-01,Company F,Data Center Energy,305,0.2
2025-02-28,Company H,Diesel Consumption,850,2.68
2025-02-14,Company D,Natural Gas Usage,1181,2.03
2025-01-11,Company J,Data Center Energy,4934,0.2
2025-02-17,Company J,Electricity Usage,3511,0.233
2025-01-07,Company I,Business Travel,422,0.25
2025-01-08,Company G,Employee Commute,989,0.12
2025-01-30,Company H,Natural Gas Usage,3713,2.03
2025-01-10,Company G,Waste Disposal,1200,0.5
2025-01-06,Company A,Waste Disposal,374,0.5
2025-01-16,Company A,Data Center Energy,1446,0.2
2025-02-08,Company G,Employee Commute,1785,0.12
2025-02-23,Company E,Natural Gas Usage,2904,2.03
2025-01-02,Company A,Waste Disposal,2100,0.5
2025-02-07,Company G,Employee Commute,2085,0.12
2025-02-28,Company E,Employee Commute,4176,0.12
2025-02-22,Company G,Air Freight,4460,3.15
2025-02-01,Company I,Diesel Consumption,4891,2.68
2025-02-09,Company E,Company Vehicle Fuel,4308,2.3
2025-02-02,Company H,Air Freight,1674,3.15
2025-01-14,Company D,Data Center Energy,4843,0.2
2025-02-20,Company B,Diesel Consumption,3574,2.68
2025-01-29,Company G,Diesel Consumption,1092,2.68
2025-02-12,Company H,Waste Disposal,261,0.5
2025-02-26,Company D,Employee Commute,236,0.12
2025-01-28,Company J,Air Freight,2746,3.15
2025-01-01,Company I,Diesel Consumption,2705,2.68
2025-02-05,Company I,Employee Commute,1215,0.12
2025-02-20,Company A,Electricity Usage,3981,0.233
2025-02-12,Company E,Air Freight,101,3.15
2025-01-05,Company A,Business Travel,226,0.25
2025-01-20,Company B,Purchased Goods,1965,1.5
2025-02-10,Company E,Data Center Energy,3655,0.2
2025-02-26,Company F,Data Center Energy,3937,0.2
2025-02-03,Company A,Employee Commute,2007,0.12
2025-01-21,Company D,Natural Gas Usage,2984,2.03
2025-01-05,Company A,Natural Gas Usage,2880,2.03
2025-02-25,Company B,Data Center Energy,4320,0.2
2025-02-03,Company A,Company Vehicle Fuel,3483,2.3
2025-02-08,Company B,Business Travel,4142,0.25
2025-01-07,Company B,Purchased Goods,2021,1.5
2025-02-20,Company A,Company Vehicle Fuel,151,2.3
2025-01-05,Company B,Diesel Consumption,3176,2.68
2025-01-08,Company F,Data Center Energy,3823,0.2
2025-01-14,Company F,Business Travel,4851,0.25
2025-01-28,Company C,Purchased Goods,4468,1.5
2025-02-12,Company E,Business Travel,856,0.25
2025-02-26,Company I,Air Freight,1209,3.15
2025-01-18,Company B,Air Freight,451,3.15
2025-01-31,Company A,Diesel Consumption,2745,2.68
2025-02-10,Company C,Business Travel,1737,0.25
2025-02-28,Company H,Data Center Energy,2264,0.2
2025-01-19,Company J,Natural Gas Usage,4517,2.03
2025-01-15,Company B,Company Vehicle Fuel,1541,2.3
2025-01-30,Company B,Electricity Usage,4332,0.233
2025-02-21,Company J,Natural Gas Usage,4774,2.03
2025-01-16,Company H,Company Vehicle Fuel,1833,2.3
2025-01-11,Company D,Data Center Energy,2197,0.2
2025-01-16,Company D,Air Freight,88,3.15
2025-01-07,Company A,Natural Gas Usage,4617,2.03
2025-01-20,Company I,Purchased Goods,3852,1.5
2025-02-05,Company G,Natural Gas Usage,4610,2.03
2025-01-31,Company B,Diesel Consumption,2781,2.68
2025-02-16,Company F,Natural Gas Usage,230,2.03
2025-01-28,Company G,Natural Gas Usage,4303,2.03
2025-02-07,Company G,Company Vehicle Fuel,1664,2.3
2025-02-23,Company C,Purchased Goods,1678,1.5
2025-01-14,Company J,Air Freight,4182,3.15
2025-01-10,Company H,Natural Gas Usage,358,2.03
2025-02-14,Company E,Company Vehicle Fuel,1839,2.3
2025-01-14,Company H,Company Vehicle Fuel,1574,2.3
2025-01-08,Company A,Employee Commute,3848,0.12
2025-02-23,Company E,Purchased Goods,986,1.5
2025-01-08,Company F,Company Vehicle Fuel,979,2.3
2025-02-14,Company E,Electricity Usage,3656,0.233
2025-01-12,Company D,Electricity Usage,3120,0.233
2025-02-24,Company J,Natural Gas Usage,548,2.03
2025-02-17,Company A,Electricity Usage,4861,0.233
2025-02-19,Company C,Diesel Consumption,3773,2.68
2025-01-01,Company B,Data Center Energy,4755,0.2
2025-02-08,Company G,Natural Gas Usage,4779,2.03
2025-02-17,Company E,Diesel Consumption,2026,2.68
2025-01-29,Company A,Company Vehicle Fuel,1113,2.3
